distance,springback,thickness,die_opening
15.0002,2.2643000000000004,0.5,40
5.00013,1.37093,0.5,40
20.0001,2.9208999999999996,0.5,40
10.0001,1.757579999999999,0.5,40
15.0001,2.450899999999999,0.5,40
20.0001,2.397500000000001,0.5,40
2.50019,1.37084,0.5,40
10.0002,1.55748,0.5,40
10.0002,1.7709499999999991,0.5,40
20.0001,3.424199999999999,0.5,40
2.50017,1.3832,0.5,40
5.00014,1.51755,0.5,40
2.50018,1.33097,0.5,40
15.0001,2.0908999999999995,0.5,40
5.00014,1.6109299999999998,0.5,40
