distance,springback,thickness,die_opening
15.0002,2.7708999999999993,0.5,40
5.00013,1.8242299999999996,0.5,40
20.0001,3.557500000000001,0.5,40
10.0001,2.0508499999999996,0.5,40
15.0001,2.744299999999999,0.5,40
20.0001,3.6241999999999983,0.5,40
2.50019,1.637616,0.5,40
10.0002,2.1707400000000003,0.5,40
10.0002,2.06421,0.5,40
20.0001,3.5341999999999985,0.5,40
2.50017,1.49,0.5,40
5.00014,1.81088,0.5,40
2.50018,1.517621,0.5,40
15.0001,2.9443,0.5,40
5.00014,1.82422,0.5,40
