distance,springback,thickness,die_opening
15.0001,1.6908999999999992,2,40
20.0001,1.3841999999999999,2,40
2.50017,0.8775900000000001,2,40
20.0001,1.6374999999999993,2,40
15.0001,1.5701,2,40
5.00015,1.19759,2,40
5.00015,0.9441900000000008,2,40
15.0001,1.2508999999999997,2,40
20.0001,1.2501000000000033,2,40
2.50019,0.66428,2,40
10.0002,1.5574999999999992,2,40
10.0001,1.6241900000000005,2,40
5.00014,0.89093,2,40
10.0002,1.5975000000000001,2,40
20.0001,1.2908000000000008,2,40
