distance,springback,thickness,die_opening
15.0001,0.9176000000000002,2,40
20.0001,1.3841999999999999,2,40
2.50017,0.5844,2,40
20.0001,1.2908000000000008,2,40
15.0001,0.9300999999999995,2,40
5.00015,0.5843799999999995,2,40
5.00015,0.6242600000000005,2,40
15.0001,0.9308999999999994,2,40
20.0001,1.6767000000000003,2,40
2.50019,0.611,2,40
10.0002,0.6776900000000001,2,40
10.0001,0.7442799999999998,2,40
5.00014,0.89093,2,40
10.0002,0.7209699999999994,2,40
20.0001,1.2908000000000008,2,40
