distance,springback,thickness,die_opening
5.00005,0.6666699999999999,2,50
15.0,0.9164999999999992,2,50
10.0,0.6829300000000007,2,50
10.0,0.7331599999999998,2,50
20.0,1.3493999999999993,2,50
15.0,0.898200000000001,2,50
15.0001,0.9495000000000005,2,50
20.0,1.3329999999999984,2,50
20.0,1.2998000000000012,2,50
5.00009,0.6164700000000005,2,50
10.0,0.6998800000000003,2,50
5.00007,0.6166900000000002,2,50
