distance,springback,thickness,die_opening
20.0,1.7941000000000003,1,30
10.0001,0.810929999999999,1,30
10.0001,0.8242200000000004,1,30
2.50009,0.56766,1,30
20.0001,1.807500000000001,1,30
2.50007,0.56766,1,30
15.0001,1.1842000000000006,1,30
2.50012,0.5410300000000001,1,30
20.0001,1.753700000000002,1,30
5.00006,0.6109,1,30
15.0001,1.2109000000000005,1,30
15.0001,1.1843000000000004,1,30
5.0001,0.6376,1,30
10.0001,0.877559999999999,1,30
