distance,springback,thickness,die_opening
20.0,1.5274999999999999,1,30
10.0001,1.0242199999999997,1,30
10.0001,0.7175999999999991,1,30
2.50009,0.56766,1,30
20.0001,1.620899999999999,1,30
2.50007,0.56766,1,30
15.0001,1.1842000000000006,1,30
2.50012,0.5943200000000002,1,30
20.0001,1.753700000000002,1,30
5.00006,1.0375,1,30
15.0001,1.1042000000000005,1,30
15.0001,1.1843000000000004,1,30
5.0001,0.6376,1,30
10.0001,0.877559999999999,1,30
