distance,springback,thickness,die_opening
20.0001,2.1235999999999997,1,50
15.0001,1.6842000000000006,1,50
5.00011,1.0842400000000003,1,50
20.0001,2.084299999999999,1,50
15.0001,1.6969999999999992,1,50
10.0001,1.3889500000000012,1,50
2.50013,1.0275699999999999,1,50
10.0001,1.3505299999999991,1,50
20.0001,2.092500000000001,1,50
5.00012,0.7568799999999998,1,50
15.0001,1.6309000000000005,1,50
2.50011,1.0409400000000002,1,50
10.0001,1.3090499999999992,1,50
2.50009,1.05426,1,50
