distance,springback,thickness,die_opening
20.0001,1.8303000000000011,1,50
15.0001,1.5275999999999996,1,50
5.00011,1.05756,1,50
20.0001,1.9009,1,50
15.0001,1.5401999999999987,1,50
10.0001,1.3889500000000012,1,50
2.50013,1.0275699999999999,1,50
10.0001,1.3505299999999991,1,50
20.0001,2.039200000000001,1,50
5.00012,0.7568799999999998,1,50
15.0001,1.6309000000000005,1,50
2.50011,0.8809400000000003,1,50
10.0001,1.2023899999999994,1,50
2.50009,1.05426,1,50
