distance,springback,thickness,die_opening
5.00009,0.6177000000000001,3,50
5.00013,0.6976400000000007,3,50
2.5001,0.5910800000000003,3,50
10.0001,0.724359999999999,3,50
15.0001,0.8439000000000014,3,50
2.5001,0.6043100000000001,3,50
10.0001,0.737639999999999,3,50
20.0,1.0707999999999984,3,50
15.0001,0.8842999999999996,3,50
15.0001,0.8826,3,50
10.0001,0.7143800000000002,3,50
20.0,1.0839999999999996,3,50
20.0,1.1108000000000011,3,50
2.50014,0.6310499999999999,3,50
5.0001,0.6307200000000002,3,50
