distance,springback,thickness,die_opening
5.00009,0.6177000000000001,3,50
5.00013,0.6976400000000007,3,50
2.5001,0.6709800000000001,3,50
10.0001,0.9642400000000002,3,50
15.0001,1.2705000000000002,3,50
2.5001,0.7909300000000001,3,50
10.0001,0.737639999999999,3,50
20.0,1.1774999999999984,3,50
15.0001,0.8842999999999996,3,50
15.0001,0.9391999999999996,3,50
10.0001,0.7143800000000002,3,50
20.0,1.1906999999999996,3,50
20.0,1.1907999999999994,3,50
2.50014,0.73759,3,50
5.0001,0.7639399999999998,3,50
