distance,springback,thickness,die_opening
5.00009,0.4207200000000002,2,30
15.0001,0.8342999999999989,2,30
15.0,0.7809000000000008,2,30
20.0001,1.2074999999999996,2,30
20.0001,1.1808000000000014,2,30
20.0,1.2474999999999987,2,30
15.0001,0.8341999999999992,2,30
10.0,0.6209100000000003,2,30
5.00008,0.4344999999999999,2,30
10.0001,0.6209600000000002,2,30
10.0001,0.6072199999999999,2,30
5.00007,0.44782999999999973,2,30
