distance,springback,thickness,die_opening
20.0,1.5540999999999983,2.5,30
20.0,1.4207,2.5,30
10.0001,1.7141900000000003,2.5,30
10.0001,1.76755,2.5,30
15.0001,1.5541999999999998,2.5,30
5.0001,1.52747,2.5,30
15.0001,1.7409,2.5,30
2.50015,1.16703,2.5,30
5.00008,1.487,2.5,30
20.0,1.7408000000000001,2.5,30
5.00004,1.34085,2.5,30
10.0001,1.7270000000000003,2.5,30
2.50017,0.8203799999999999,2.5,30
15.0001,1.8340999999999994,2.5,30
2.50008,1.02088,2.5,30
