distance,springback,thickness,die_opening
10.0001,0.5385299999999997,1,10
5.00016,0.37599999999999945,1,10
10.0001,0.6582799999999995,1,10
5.00015,0.47543000000000024,1,10
10.0001,0.608369999999999,1,10
5.00015,0.37606999999999946,1,10
