distance,springback,thickness,die_opening
5.00012,1.72066,0.5,50
20.0001,3.280899999999999,0.5,50
20.0001,2.8796,0.5,50
15.0001,3.0008999999999997,0.5,50
20.0001,3.320599999999999,0.5,50
10.0001,2.06757,0.5,50
10.0001,2.13277,0.5,50
15.0001,2.9742999999999995,0.5,50
15.0001,2.5740999999999996,0.5,50
5.00012,1.8540400000000004,0.5,50
10.0001,2.639549999999999,0.5,50
5.00011,2.22735,0.5,50
