distance,springback,thickness,die_opening
5.00012,2.334,0.5,50
20.0001,4.2942,0.5,50
20.0001,4.239599999999999,0.5,50
15.0001,3.3209,0.5,50
20.0001,4.147300000000001,0.5,50
10.0001,2.73426,0.5,50
10.0001,2.7728099999999998,0.5,50
15.0001,3.6676,0.5,50
15.0001,3.3474000000000004,0.5,50
5.00012,2.46728,0.5,50
10.0001,2.7995399999999995,0.5,50
5.00011,2.3872799999999996,0.5,50
