distance,springback,thickness,die_opening
5.00011,0.8704500000000008,2.5,50
5.00009,0.8575999999999997,2.5,50
20.0001,1.4742999999999995,2.5,50
10.0001,0.9909800000000004,2.5,50
15.0001,1.2043,2.5,50
5.00009,0.85764,2.5,50
10.0001,1.0043299999999995,2.5,50
20.0,1.5060000000000002,2.5,50
20.0,1.5375000000000014,2.5,50
10.0002,1.0572600000000012,2.5,50
15.0001,1.244299999999999,2.5,50
15.0001,1.1776999999999997,2.5,50
