distance,springback,thickness,die_opening
5.00004,0.5984800000000003,2.5,50
20.0,1.1164999999999985,2.5,50
15.0001,0.8162000000000003,2.5,50
15.0,0.8316999999999997,2.5,50
10.0,0.6665899999999993,2.5,50
15.0,0.9330999999999996,2.5,50
5.00006,0.5336500000000006,2.5,50
10.0001,0.69998,2.5,50
10.0001,0.6666799999999995,2.5,50
20.0,1.1330999999999989,2.5,50
5.00005,0.5502899999999995,2.5,50
20.0,1.1494999999999997,2.5,50
