folds,scores
2,0.3558681020311687
52,0.3291058806889791
102,0.3103573283931283
152,0.29343734119269643
202,0.28806789741751193
252,0.26274835450792233
302,0.2550463905088045
352,0.26586141372849054
