folds,scores
2,0.3558681020311687
102,0.3103573283931283
202,0.28806789741751193
302,0.2550463905088045
