distance,springback,thickness,die_opening
5.00012,0.45821999999999985,2,10
5.00004,0.41061999999999976,2,10
5.00008,0.5418499999999993,2,10
