distance,springback,thickness,die_opening
10.0001,1.5914900000000003,2,10
5.00012,2.9574099999999994,2,10
10.0,1.5080600000000004,2,10
15.0001,1.3077000000000005,2,10
10.0001,1.4581300000000006,2,10
5.00004,3.17214,2,10
15.0001,1.341099999999999,2,10
5.00008,3.1080499999999995,2,10
15.0,1.4077000000000002,2,10
