folds,scores
2,0.3296704849805244
102,0.14881649154606713
202,0.13160395470657515
302,0.11627158829398439
