name,train,test,val
RF,0.11633026943223822,0.25093267745874737,0.17091487914922016
