distance,springback,thickness,die_opening
15.0001,0.1333000000000002,0.5,10
10.0001,1.0715200000000014,0.5,10
5.00012,0.49111999999999956,0.5,10
10.0001,1.0238800000000001,0.5,10
5.00011,0.5419,0.5,10
10.0001,1.0572400000000002,0.5,10
15.0001,0.11749999999999972,0.5,10
5.00012,0.492,0.5,10
15.0001,0.13320000000000043,0.5,10
